{"sex_instances": {"ltDr0U8I49T0j3JaVlRfLEznA": {"animation_identifier": "BI7MWE292TTN5gw4mGsEFF7vwZs", "object_identifier_name": 400, "object_identifier_guid": 2863490714, "game_object_id": 1072149949341371390, "object_height": 0, "creator_sim": 379721515619124280, "lot_id": 994677120, "location_x": 166.5012664794922, "location_y": 157.7413330078125, "location_z": 169.4500732421875, "location_level": 0, "location_angle": 0.03956468205889273, "route_x": 166.50218200683594, "route_y": 157.7413330078125, "route_z": 170.4500732421875, "route_level": 0, "init_reason": 1, "states": {"10": true, "11": false, "12": 10, "20": false, "21": false, "40": false, "41": 0, "42": 0, "50": false, "100": false}, "actors_list": {"0": 379721515619124280, "1": 288523625087307178}, "original_actors_list": {"0": 379721515619124280, "1": 288523625087307178}, "identifier": "ltDr0U8I49T0j3JaVlRfLEznA", "overall_counter": 0, "playlist_identifier": null, "perished_sims_ids": [], "ignorable_sims_ids": [], "linked_sex_instance_identifier": null}}, "_save_version_control": 4}