{"sex_instances": {"ZEPqgJUIGmPa92pnqNGj3Ed3hCI": {"animation_identifier": "cQ5Xp2MJvIpXEizRoYToHFCHKPc", "object_identifier_name": 1, "object_identifier_guid": -1, "game_object_id": -1, "object_height": 0, "creator_sim": 552267466724737165, "lot_id": 3361079299, "location_x": 362.69146728515625, "location_y": 155.7476806640625, "location_z": 381.97369384765625, "location_level": 1, "location_angle": 0.0, "route_x": 362.69146728515625, "route_y": 155.7476806640625, "route_z": 381.97369384765625, "route_level": 1, "init_reason": 4, "states": {"10": true, "11": false, "12": 4, "20": false, "21": false, "40": false, "41": 0, "42": 0, "50": false, "100": false}, "actors_list": {"0": 552267466724737165, "1": 482461655728551822}, "original_actors_list": {"0": 552267466724737165, "1": 482461655728551822}, "identifier": "ZEPqgJUIGmPa92pnqNGj3Ed3hCI", "overall_counter": 0, "playlist_identifier": null, "perished_sims_ids": [], "ignorable_sims_ids": [], "linked_sex_instance_identifier": null}}, "_save_version_control": 4}